Su [Mpa],Sy [Mpa],E [GPa],G [GPa],Mu [/],Ro [Kg/m3],Label
421,314,207000,79000,0.3,7860,Steel
424,324,207000,79000,0.3,7860,Steel
386,284,207000,79000,0.3,7860,Steel
448,331,207000,79000,0.3,7860,Steel
441,346,207000,79000,0.3,7860,Steel
395,295,207000,79000,0.3,7860,Steel
503,359,207000,79000,0.3,7860,Steel
483,359,207000,79000,0.3,7860,Steel
450,317,207000,79000,0.3,7860,Steel
552,345,207000,79000,0.3,7860,Steel
517,345,207000,79000,0.3,7860,Steel
464,341,207000,79000,0.3,7860,Steel
848,648,207000,79000,0.3,7860,Steel
621,414,207000,79000,0.3,7860,Steel
590,374,207000,79000,0.3,7860,Steel
519,353,207000,79000,0.3,7860,Steel
779,593,207000,79000,0.3,7860,Steel
724,414,207000,79000,0.3,7860,Steel
748,427,207000,79000,0.3,7860,Steel
636,365,207000,79000,0.3,7860,Steel
979,724,207000,79000,0.3,7860,Steel
814,483,207000,79000,0.3,7860,Steel
776,421,207000,79000,0.3,7860,Steel
626,372,207000,79000,0.3,7860,Steel
1103,779,207000,79000,0.3,7860,Steel
965,586,207000,79000,0.3,7860,Steel
1010,524,207000,79000,0.3,7860,Steel
615,376,207000,79000,0.3,7860,Steel
1303,979,207000,79000,0.3,7860,Steel
965,572,207000,79000,0.3,7860,Steel
1014,500,207000,79000,0.3,7860,Steel
657,379,207000,79000,0.3,7860,Steel
1289,827,207000,79000,0.3,7860,Steel
487,305,207000,79000,0.3,7860,Steel
467,303,207000,79000,0.3,7860,Steel
429,279,207000,79000,0.3,7860,Steel
521,316,207000,79000,0.3,7860,Steel
477,319,207000,79000,0.3,7860,Steel
450,284,207000,79000,0.3,7860,Steel
627,379,207000,79000,0.3,7860,Steel
669,396,207000,79000,0.3,7860,Steel
584,345,207000,79000,0.3,7860,Steel
1082,938,207000,79000,0.3,7860,Steel
676,359,207000,79000,0.3,7860,Steel
707,405,207000,79000,0.3,7860,Steel
598,353,207000,79000,0.3,7860,Steel
1634,1213,207000,79000,0.3,7860,Steel
703,421,207000,79000,0.3,7860,Steel
667,400,207000,79000,0.3,7860,Steel
584,346,207000,79000,0.3,7860,Steel
876,627,207000,79000,0.3,7860,Steel
836,558,207000,79000,0.3,7860,Steel
703,436,207000,79000,0.3,7860,Steel
1806,1593,207000,79000,0.3,7860,Steel
891,600,207000,79000,0.3,7860,Steel
689,422,207000,79000,0.3,7860,Steel
1027,758,207000,79000,0.3,7860,Steel
1800,1662,207000,79000,0.3,7860,Steel
669,436,207000,79000,0.3,7860,Steel
560,360,207000,79000,0.3,7860,Steel
1627,1462,207000,79000,0.3,7860,Steel
1020,655,207000,79000,0.3,7860,Steel
655,417,207000,79000,0.3,7860,Steel
1772,1641,207000,79000,0.3,7860,Steel
1155,734,207000,79000,0.3,7860,Steel
729,379,207000,79000,0.3,7860,Steel
1931,1724,207000,79000,0.3,7860,Steel
793,464,207000,79000,0.3,7860,Steel
579,425,207000,79000,0.3,7860,Steel
1279,862,207000,79000,0.3,7860,Steel
745,472,207000,79000,0.3,7860,Steel
1875,1675,207000,79000,0.3,7860,Steel
574,366,207000,79000,0.3,7860,Steel
512,372,207000,79000,0.3,7860,Steel
755,484,207000,79000,0.3,7860,Steel
681,464,207000,79000,0.3,7860,Steel
1744,1407,207000,79000,0.3,7860,Steel
1613,1517,207000,79000,0.3,7860,Steel
793,472,207000,79000,0.3,7860,Steel
572,293,207000,79000,0.3,7860,Steel
1793,1641,207000,79000,0.3,7860,Steel
870,529,207000,79000,0.3,7860,Steel
676,357,207000,79000,0.3,7860,Steel
1944,1731,207000,79000,0.3,7860,Steel
957,531,207000,79000,0.3,7860,Steel
722,276,207000,79000,0.3,7860,Steel
2220,1793,207000,79000,0.3,7860,Steel
939,615,207000,79000,0.3,7860,Steel
667,412,207000,79000,0.3,7860,Steel
1931,1689,207000,79000,0.3,7860,Steel
633,357,207000,79000,0.3,7860,Steel
536,385,207000,79000,0.3,7860,Steel
650,429,207000,79000,0.3,7860,Steel
564,372,207000,79000,0.3,7860,Steel
1641,1503,207000,79000,0.3,7860,Steel
1862,1669,207000,79000,0.3,7860,Steel
1024,688,207000,79000,0.3,7860,Steel
715,386,207000,79000,0.3,7860,Steel
1937,1675,207000,79000,0.3,7860,Steel
1634,1551,207000,79000,0.3,7860,Steel
929,607,207000,79000,0.3,7860,Steel
695,415,207000,79000,0.3,7860,Steel
1999,1655,207000,79000,0.3,7860,Steel
933,579,207000,79000,0.3,7860,Steel
774,486,207000,79000,0.3,7860,Steel
2103,2048,207000,79000,0.3,7860,Steel
1758,1503,207000,79000,0.3,7860,Steel
907,571,207000,79000,0.3,7860,Steel
820,440,207000,79000,0.3,7860,Steel
793,379,193000,743000,0.3,8030,Steel
862,517,193000,743000,0.3,8030,Steel
1034,758,193000,743000,0.3,8030,Steel
1207,931,193000,743000,0.3,8030,Steel
1276,965,193000,743000,0.3,8030,Steel
724,379,193000,743000,0.3,8030,Steel
862,517,193000,743000,0.3,8030,Steel
758,276,193000,743000,0.3,8030,Steel
862,517,193000,743000,0.3,8030,Steel
1034,758,193000,743000,0.3,8030,Steel
1207,931,193000,743000,0.3,8030,Steel
1276,965,193000,743000,0.3,8030,Steel
621,255,193000,743000,0.3,8030,Steel
862,517,193000,743000,0.3,8030,Steel
655,276,193000,743000,0.3,8030,Steel
621,241,193000,743000,0.3,8030,Steel
586,241,193000,743000,0.3,8030,Steel
552,207,193000,743000,0.3,8030,Steel
586,255,193000,743000,0.3,8030,Steel
586,241,193000,743000,0.3,8030,Steel
621,276,193000,743000,0.3,8030,Steel
655,276,193000,743000,0.3,8030,Steel
689,345,193000,743000,0.3,8030,Steel
586,241,193000,743000,0.3,8030,Steel
538,207,193000,743000,0.3,8030,Steel
621,276,193000,743000,0.3,8030,Steel
600,241,193000,743000,0.3,8030,Steel
634,241,193000,743000,0.3,8030,Steel
634,241,193000,743000,0.3,8030,Steel
517,276,200000,769000,0.3,8030,Steel
1310,1000,200000,769000,0.3,8030,Steel
483,276,200000,769000,0.3,8030,Steel
517,276,200000,769000,0.3,8030,Steel
1310,1000,200000,769000,0.3,8030,Steel
827,655,200000,769000,0.3,8030,Steel
1379,1034,200000,769000,0.3,8030,Steel
517,276,200000,769000,0.3,8030,Steel
1310,1000,200000,769000,0.3,8030,Steel
655,345,200000,769000,0.3,8030,Steel
1586,1344,200000,769000,0.3,8030,Steel
517,310,200000,769000,0.3,8030,Steel
552,379,200000,769000,0.3,8030,Steel
862,655,200000,769000,0.3,8030,Steel
1413,1069,200000,769000,0.3,8030,Steel
724,414,200000,769000,0.3,8030,Steel
1793,1655,200000,769000,0.3,8030,Steel
758,448,200000,769000,0.3,8030,Steel
1965,1896,200000,769000,0.3,8030,Steel
552,345,200000,769000,0.3,8030,Steel
483,207,200000,769000,0.3,8030,Steel
483,207,200000,769000,0.3,8030,Steel
138,138,80000,32000,0.25,7160,Grey Cast Iron
172,172,98000,39000,0.25,7160,Grey Cast Iron
207,207,100000,40000,0.25,7160,Grey Cast Iron
241,241,110000,44000,0.25,7160,Grey Cast Iron
276,276,117000,47000,0.25,7160,Grey Cast Iron
345,345,124000,50000,0.25,7160,Grey Cast Iron
414,414,137000,55000,0.25,7160,Grey Cast Iron
276,207,172000,68000,0.27,7160,Malleable Cast Iron
414,317,172000,68000,0.27,7160,Malleable Cast Iron
552,427,172000,68000,0.27,7160,Malleable Cast Iron
689,538,172000,68000,0.27,7160,Malleable Cast Iron
414,276,159000,66000,0.2,7160,Nodular Cast Iron
552,365,159000,66000,0.2,7160,Nodular Cast Iron
689,455,159000,66000,0.2,7160,Nodular Cast Iron
827,552,159000,66000,0.2,7160,Nodular Cast Iron
172,62,108000,40000,0.35,8930,Copper
365,248,108000,40000,0.35,8930,Copper
352,276,108000,40000,0.35,8930,Copper
634,469,108000,40000,0.35,8930,Copper
221,69,100000,37000,0.34,8500,Red Brass
241,69,100000,37000,0.34,8500,Red Brass
255,117,100000,37000,0.34,8500,Red Brass
241,110,100000,37000,0.34,8500,Red Brass
241,97,100000,37000,0.34,8500,Semi-Red Brass
234,97,100000,37000,0.34,8500,Semi-Red Brass
241,97,100000,37000,0.34,8500,Semi-Red Brass
241,97,100000,37000,0.34,8500,Semi-Red Brass
262,90,100000,37000,0.34,8500,Yellow Brass
234,83,100000,37000,0.34,8500,Yellow Brass
414,159,100000,37000,0.34,8500,Yellow Brass
345,124,100000,37000,0.34,8500,Yellow Brass
379,207,100000,37000,0.34,8500,Yellow Brass
655,345,120000,45000,0.31,8800,Manganese Bronze
655,331,120000,45000,0.31,8800,Manganese Bronze
793,572,120000,45000,0.31,8800,Manganese Bronze
448,172,120000,45000,0.31,8800,Manganese Bronze
490,193,120000,45000,0.31,8800,Manganese Bronze
586,290,120000,45000,0.31,8800,Manganese Bronze
565,262,120000,45000,0.31,8800,Manganese Bronze
379,172,120000,45000,0.31,8800,Brass
379,165,120000,45000,0.31,8800,Silicon Bronze
462,207,120000,45000,0.31,8800,Silicon Bronze
455,221,120000,45000,0.31,8800,Silicon Bronze
586,345,120000,45000,0.31,8800,Silicon Bronze
483,241,120000,45000,0.31,8800,Silicon Bronze
262,110,120000,45000,0.31,8800,Tin Bronze
310,145,120000,45000,0.31,8800,Tin Bronze
310,152,120000,45000,0.31,8800,Tin Bronze
303,152,120000,45000,0.31,8800,Tin Bronze
276,138,120000,45000,0.31,8800,Tin Bronze
221,172,120000,45000,0.31,8800,Tin Bronze
241,172,120000,45000,0.31,8800,Tin Bronze
241,207,120000,45000,0.31,8800,Tin Bronze
303,152,120000,45000,0.31,8800,Tin Bronze
303,152,120000,45000,0.31,8800,Tin Bronze
276,138,120000,45000,0.31,8800,Tin Bronze
276,138,120000,45000,0.31,8800,Tin Bronze
303,138,120000,45000,0.31,8800,Tin Bronze
303,138,120000,45000,0.31,8800,Tin Bronze
290,145,120000,45000,0.31,8800,Tin Bronze
276,207,120000,45000,0.31,8800,Tin Bronze
324,179,120000,45000,0.31,8800,Tin Bronze
241,124,120000,45000,0.31,8800,Tin Bronze
221,110,120000,45000,0.31,8800,Tin Bronze
221,110,120000,45000,0.31,8800,Tin Bronze
241,124,120000,45000,0.31,8800,Tin Bronze
207,110,120000,45000,0.31,8800,Tin Bronze
221,152,120000,45000,0.31,8800,Tin Bronze
186,90,120000,45000,0.31,8800,Tin Bronze
221,110,120000,45000,0.31,8800,Tin Bronze
172,83,120000,45000,0.31,8800,Tin Bronze
345,159,120000,45000,0.31,8800,Nickel-Tin Bronze
310,159,120000,45000,0.31,8800,Nickel-Tin Bronze
552,186,120000,45000,0.32,8800,Aluminum Bronze
517,186,120000,45000,0.32,8800,Aluminum Bronze
586,241,120000,45000,0.32,8800,Aluminum Bronze
689,303,120000,45000,0.32,8800,Aluminum Bronze
517,234,120000,45000,0.32,8800,Aluminum Bronze
655,310,120000,45000,0.32,8800,Aluminum Bronze
655,262,120000,45000,0.32,8800,Aluminum Bronze
310,172,100000,37000,0.34,8500,Copper-Nickel
517,379,100000,37000,0.34,8500,Copper-Nickel
469,255,100000,37000,0.34,8500,Copper-Nickel
758,483,100000,37000,0.34,8500,Copper-Nickel
241,117,100000,37000,0.34,8500,Nickel Silver
262,117,100000,37000,0.34,8500,Nickel Silver
310,165,100000,37000,0.34,8500,Nickel Silver
379,207,100000,37000,0.34,8500,Nickel Silver
655,379,100000,37000,0.34,8500,Special Alloy
455,234,100000,37000,0.34,8500,Special Alloy
483,276,100000,37000,0.34,8500,Special Alloy
379,172,100000,37000,0.34,8500,Special Alloy
448,221,100000,37000,0.34,8500,Special Alloy
221,69,108000,40000,0.35,8930,Copper
200,41,108000,40000,0.35,8930,Copper
276,124,108000,40000,0.35,8930,Copper
359,303,108000,40000,0.35,8930,Copper
441,372,108000,40000,0.35,8930,Copper
483,448,108000,40000,0.35,8930,Copper
241,48,108000,40000,0.35,8930,Copper
276,97,108000,40000,0.35,8930,Copper
483,221,108000,40000,0.35,8930,Copper
469,172,108000,40000,0.35,8930,Copper
310,172,108000,40000,0.35,8930,Copper
234,97,108000,40000,0.35,8930,Copper
262,62,108000,40000,0.35,8930,Copper
262,138,108000,40000,0.35,8930,Copper
248,69,108000,40000,0.35,8930,Copper
255,76,108000,40000,0.35,8930,Copper
310,165,108000,40000,0.35,8930,Copper
552,448,108000,40000,0.35,8930,Copper
234,69,108000,40000,0.35,8930,Copper
255,69,105000,40000,0.32,8800,Bronze
269,69,105000,40000,0.32,8800,Red Brass
290,83,105000,40000,0.32,8800,Brass
303,76,105000,40000,0.32,8800,Brass
317,97,105000,40000,0.32,8800,Yellow Brass
372,145,105000,40000,0.32,8800,Unspecified
255,83,105000,40000,0.32,8800,Bronze
324,103,105000,40000,0.32,8800,Brass
338,117,105000,40000,0.32,8800,Brass
310,90,105000,40000,0.32,8800,Brass
372,138,105000,40000,0.32,8800,Unspecified
414,138,105000,40000,0.32,8800,Bronze
269,83,105000,40000,0.32,8800,Copper
290,90,105000,40000,0.32,8800,Copper
269,76,105000,40000,0.32,8800,Copper
283,83,105000,40000,0.32,8800,Copper
317,117,105000,40000,0.32,8800,Copper
296,103,105000,40000,0.32,8800,Copper
310,124,105000,40000,0.32,8800,Copper
317,124,105000,40000,0.32,8800,Copper
310,103,105000,40000,0.32,8800,Copper
317,110,105000,40000,0.32,8800,Copper
331,124,105000,40000,0.32,8800,Copper
379,172,105000,40000,0.32,8800,Copper
386,172,105000,40000,0.32,8800,Copper
393,172,105000,40000,0.32,8800,Copper
276,97,105000,40000,0.32,8800,Copper
324,131,105000,40000,0.32,8800,Copper
317,345,105000,40000,0.32,8800,Copper
379,165,105000,40000,0.32,8800,Copper
455,193,105000,40000,0.32,8800,Copper
303,131,105000,40000,0.32,8800,Copper
414,186,105000,40000,0.32,8800,Copper
359,117,105000,40000,0.32,8800,Copper
483,207,105000,40000,0.32,8800,Copper
524,228,105000,40000,0.32,8800,Copper
483,152,105000,40000,0.32,8800,Copper
552,269,105000,40000,0.32,8800,Copper
634,338,105000,40000,0.32,8800,Copper
517,241,105000,40000,0.32,8800,Copper
621,276,105000,40000,0.32,8800,Copper
689,379,105000,40000,0.32,8800,Copper
621,345,105000,40000,0.32,8800,Copper
621,310,105000,40000,0.32,8800,Copper
565,372,105000,40000,0.32,8800,Copper
517,241,105000,40000,0.32,8800,Copper
276,103,105000,40000,0.32,8800,Copper
386,145,105000,40000,0.32,8800,Copper
316,83,105000,40000,0.32,8800,Copper
483,234,105000,40000,0.32,8800,Copper
448,207,105000,40000,0.32,8800,Copper
414,186,105000,40000,0.32,8800,Copper
565,379,105000,40000,0.32,8800,Copper
565,359,105000,40000,0.32,8800,Copper
552,276,105000,40000,0.32,8800,Copper
262,276,105000,40000,0.32,8800,Copper
303,110,105000,40000,0.32,8800,Copper
338,90,105000,40000,0.32,8800,Copper
372,138,105000,40000,0.32,8800,Copper
317,124,105000,40000,0.32,8800,Copper
379,152,105000,40000,0.32,8800,Copper
345,103,105000,40000,0.32,8800,Copper
338,124,105000,40000,0.32,8800,Copper
386,172,105000,40000,0.32,8800,Copper
365,124,105000,40000,0.32,8800,Copper
359,124,105000,40000,0.32,8800,Copper
621,586,105000,40000,0.32,8800,Copper
414,186,105000,40000,0.32,8800,Copper
365,159,105000,40000,0.32,8800,Copper
414,345,73000,26000,0.33,2700,Aluminum
310,193,73000,26000,0.33,2700,Aluminum
131,83,73000,26000,0.33,2700,Aluminum
221,138,73000,26000,0.33,2700,Aluminum
165,90,73000,26000,0.33,2700,Aluminum
200,90,73000,26000,0.33,2700,Aluminum
221,138,73000,26000,0.33,2700,Aluminum
248,193,73000,26000,0.33,2700,Aluminum
200,110,73000,26000,0.33,2700,Aluminum
159,90,73000,26000,0.33,2700,Aluminum
214,138,73000,26000,0.33,2700,Aluminum
172,97,73000,26000,0.33,2700,Aluminum
234,145,73000,26000,0.33,2700,Aluminum
172,124,73000,26000,0.33,2700,Aluminum
221,138,73000,26000,0.33,2700,Aluminum
207,152,73000,26000,0.33,2700,Aluminum
248,172,73000,26000,0.33,2700,Aluminum
159,110,73000,26000,0.33,2700,Aluminum
207,138,73000,26000,0.33,2700,Aluminum
214,200,73000,26000,0.33,2700,Aluminum
172,124,73000,26000,0.33,2700,Aluminum
234,165,73000,26000,0.33,2700,Aluminum
117,48,73000,26000,0.33,2700,Aluminum
117,41,73000,26000,0.33,2700,Aluminum
117,69,73000,26000,0.33,2700,Aluminum
152,62,73000,26000,0.33,2700,Aluminum
290,152,73000,26000,0.33,2700,Aluminum
241,124,73000,26000,0.33,2700,Aluminum
207,117,73000,26000,0.33,2700,Aluminum
228,152,73000,26000,0.33,2700,Aluminum
255,207,73000,26000,0.33,2700,Aluminum
221,138,73000,26000,0.33,2700,Aluminum
234,172,73000,26000,0.33,2700,Aluminum
221,152,73000,26000,0.33,2700,Aluminum
290,262,73000,26000,0.33,2700,Aluminum
221,186,73000,26000,0.33,2700,Aluminum
248,207,73000,26000,0.33,2700,Aluminum
248,186,73000,26000,0.33,2700,Aluminum
290,241,73000,26000,0.33,2700,Aluminum
331,310,73000,26000,0.33,2700,Aluminum
165,124,73000,26000,0.33,2700,Aluminum
69,28,73000,26000,0.33,2700,Aluminum
83,76,73000,26000,0.33,2700,Aluminum
97,90,73000,26000,0.33,2700,Aluminum
110,103,73000,26000,0.33,2700,Aluminum
131,124,73000,26000,0.33,2700,Aluminum
90,34,73000,26000,0.33,2700,Aluminum
110,103,73000,26000,0.33,2700,Aluminum
124,117,73000,26000,0.33,2700,Aluminum
145,138,73000,26000,0.33,2700,Aluminum
165,152,73000,26000,0.33,2700,Aluminum
83,28,73000,26000,0.33,2700,Aluminum
97,83,73000,26000,0.33,2700,Aluminum
110,97,73000,26000,0.33,2700,Aluminum
124,110,73000,26000,0.33,2700,Aluminum
186,165,73000,26000,0.33,2700,Aluminum
379,296,73000,26000,0.33,2700,Aluminum
407,310,73000,26000,0.33,2700,Aluminum
186,97,73000,26000,0.33,2700,Aluminum
427,290,73000,26000,0.33,2700,Aluminum
427,290,73000,26000,0.33,2700,Aluminum
483,414,73000,26000,0.33,2700,Aluminum
483,414,73000,26000,0.33,2700,Aluminum
172,69,73000,26000,0.33,2700,Aluminum
434,276,73000,26000,0.33,2700,Aluminum
421,255,73000,26000,0.33,2700,Aluminum
421,255,73000,26000,0.33,2700,Aluminum
469,414,73000,26000,0.33,2700,Aluminum
469,414,73000,26000,0.33,2700,Aluminum
179,69,73000,26000,0.33,2700,Aluminum
427,276,73000,26000,0.33,2700,Aluminum
427,276,73000,26000,0.33,2700,Aluminum
421,317,73000,26000,0.33,2700,Aluminum
186,76,73000,26000,0.33,2700,Aluminum
483,345,73000,26000,0.33,2700,Aluminum
469,324,73000,26000,0.33,2700,Aluminum
469,324,73000,26000,0.33,2700,Aluminum
496,393,73000,26000,0.33,2700,Aluminum
179,76,73000,26000,0.33,2700,Aluminum
448,310,73000,26000,0.33,2700,Aluminum
441,290,73000,26000,0.33,2700,Aluminum
441,290,73000,26000,0.33,2700,Aluminum
462,365,73000,26000,0.33,2700,Aluminum
448,414,73000,26000,0.33,2700,Aluminum
448,414,73000,26000,0.33,2700,Aluminum
483,455,73000,26000,0.33,2700,Aluminum
400,255,73000,26000,0.33,2700,Aluminum
338,193,73000,26000,0.33,2700,Aluminum
296,165,73000,26000,0.33,2700,Aluminum
331,255,73000,26000,0.33,2700,Aluminum
172,76,73000,26000,0.33,2700,Aluminum
359,186,73000,26000,0.33,2700,Aluminum
359,248,73000,26000,0.33,2700,Aluminum
359,248,73000,26000,0.33,2700,Aluminum
393,317,73000,26000,0.33,2700,Aluminum
414,290,73000,26000,0.33,2700,Aluminum
455,352,73000,26000,0.33,2700,Aluminum
455,352,73000,26000,0.33,2700,Aluminum
476,393,73000,26000,0.33,2700,Aluminum
110,41,73000,26000,0.33,2700,Aluminum
131,124,73000,26000,0.33,2700,Aluminum
152,145,73000,26000,0.33,2700,Aluminum
179,172,73000,26000,0.33,2700,Aluminum
200,186,73000,26000,0.33,2700,Aluminum
110,41,73000,26000,0.33,2700,Aluminum
131,124,73000,26000,0.33,2700,Aluminum
152,145,73000,26000,0.33,2700,Aluminum
179,172,73000,26000,0.33,2700,Aluminum
200,186,73000,26000,0.33,2700,Aluminum
179,69,73000,26000,0.33,2700,Aluminum
214,172,73000,26000,0.33,2700,Aluminum
241,200,73000,26000,0.33,2700,Aluminum
262,228,73000,26000,0.33,2700,Aluminum
283,248,73000,26000,0.33,2700,Aluminum
179,69,73000,26000,0.33,2700,Aluminum
214,172,73000,26000,0.33,2700,Aluminum
241,200,73000,26000,0.33,2700,Aluminum
262,228,73000,26000,0.33,2700,Aluminum
283,248,73000,26000,0.33,2700,Aluminum
117,55,73000,26000,0.33,2700,Aluminum
152,131,73000,26000,0.33,2700,Aluminum
172,152,73000,26000,0.33,2700,Aluminum
193,172,73000,26000,0.33,2700,Aluminum
214,193,73000,26000,0.33,2700,Aluminum
179,159,73000,26000,0.33,2700,Aluminum
379,317,73000,26000,0.33,2700,Aluminum
124,41,73000,26000,0.33,2700,Aluminum
138,131,73000,26000,0.33,2700,Aluminum
159,152,73000,26000,0.33,2700,Aluminum
179,172,73000,26000,0.33,2700,Aluminum
200,193,73000,26000,0.33,2700,Aluminum
138,117,73000,26000,0.33,2700,Aluminum
159,138,73000,26000,0.33,2700,Aluminum
179,165,73000,26000,0.33,2700,Aluminum
200,186,73000,26000,0.33,2700,Aluminum
145,55,73000,26000,0.33,2700,Aluminum
172,145,73000,26000,0.33,2700,Aluminum
193,165,73000,26000,0.33,2700,Aluminum
207,179,73000,26000,0.33,2700,Aluminum
221,200,73000,26000,0.33,2700,Aluminum
193,90,73000,26000,0.33,2700,Aluminum
228,193,73000,26000,0.33,2700,Aluminum
262,214,73000,26000,0.33,2700,Aluminum
276,241,73000,26000,0.33,2700,Aluminum
290,255,73000,26000,0.33,2700,Aluminum
290,152,73000,26000,0.33,2700,Aluminum
434,407,73000,26000,0.33,2700,Aluminum
414,345,73000,26000,0.33,2700,Aluminum
290,145,73000,26000,0.33,2700,Aluminum
317,228,73000,26000,0.33,2700,Aluminum
317,228,73000,26000,0.33,2700,Aluminum
262,117,73000,26000,0.33,2700,Aluminum
290,207,73000,26000,0.33,2700,Aluminum
324,255,73000,26000,0.33,2700,Aluminum
269,131,73000,26000,0.33,2700,Aluminum
290,207,73000,26000,0.33,2700,Aluminum
241,117,73000,26000,0.33,2700,Aluminum
269,207,73000,26000,0.33,2700,Aluminum
290,228,73000,26000,0.33,2700,Aluminum
310,248,73000,26000,0.33,2700,Aluminum
331,269,73000,26000,0.33,2700,Aluminum
241,117,73000,26000,0.33,2700,Aluminum
234,172,73000,26000,0.33,2700,Aluminum
283,241,73000,26000,0.33,2700,Aluminum
283,241,73000,26000,0.33,2700,Aluminum
241,117,73000,26000,0.33,2700,Aluminum
269,207,73000,26000,0.33,2700,Aluminum
290,228,73000,26000,0.33,2700,Aluminum
310,248,73000,26000,0.33,2700,Aluminum
331,269,73000,26000,0.33,2700,Aluminum
241,117,73000,26000,0.33,2700,Aluminum
248,117,73000,26000,0.33,2700,Aluminum
276,207,73000,26000,0.33,2700,Aluminum
303,241,73000,26000,0.33,2700,Aluminum
262,179,73000,26000,0.33,2700,Aluminum
248,124,73000,26000,0.33,2700,Aluminum
310,159,73000,26000,0.33,2700,Aluminum
310,165,73000,26000,0.33,2700,Aluminum
352,255,73000,26000,0.33,2700,Aluminum
352,255,73000,26000,0.33,2700,Aluminum
131,48,73000,26000,0.33,2700,Aluminum
179,159,73000,26000,0.33,2700,Aluminum
207,186,73000,26000,0.33,2700,Aluminum
207,186,73000,26000,0.33,2700,Aluminum
193,90,73000,26000,0.33,2700,Aluminum
228,193,73000,26000,0.33,2700,Aluminum
262,214,73000,26000,0.33,2700,Aluminum
276,241,73000,26000,0.33,2700,Aluminum
290,255,73000,26000,0.33,2700,Aluminum
159,138,73000,26000,0.33,2700,Aluminum
193,165,73000,26000,0.33,2700,Aluminum
193,165,73000,26000,0.33,2700,Aluminum
124,55,73000,26000,0.33,2700,Aluminum
241,145,73000,26000,0.33,2700,Aluminum
241,145,73000,26000,0.33,2700,Aluminum
310,276,73000,26000,0.33,2700,Aluminum
310,276,73000,26000,0.33,2700,Aluminum
117,48,73000,26000,0.33,2700,Aluminum
228,131,73000,26000,0.33,2700,Aluminum
228,131,73000,26000,0.33,2700,Aluminum
290,255,73000,26000,0.33,2700,Aluminum
290,255,73000,26000,0.33,2700,Aluminum
90,48,73000,26000,0.33,2700,Aluminum
152,90,73000,26000,0.33,2700,Aluminum
172,90,73000,26000,0.33,2700,Aluminum
186,145,73000,26000,0.33,2700,Aluminum
241,214,73000,26000,0.33,2700,Aluminum
255,241,73000,26000,0.33,2700,Aluminum
207,186,73000,26000,0.33,2700,Aluminum
290,269,73000,26000,0.33,2700,Aluminum
152,83,73000,26000,0.33,2700,Aluminum
359,207,73000,26000,0.33,2700,Aluminum
359,207,73000,26000,0.33,2700,Aluminum
393,359,73000,26000,0.33,2700,Aluminum
393,359,73000,26000,0.33,2700,Aluminum
379,352,73000,26000,0.33,2700,Aluminum
97,76,73000,26000,0.33,2700,Aluminum
221,193,73000,26000,0.33,2700,Aluminum
400,379,73000,26000,0.33,2700,Aluminum
248,152,73000,26000,0.33,2700,Aluminum
310,283,73000,26000,0.33,2700,Aluminum
152,90,73000,26000,0.33,2700,Aluminum
186,145,73000,26000,0.33,2700,Aluminum
241,214,73000,26000,0.33,2700,Aluminum
517,448,73000,26000,0.33,2700,Aluminum
517,434,73000,26000,0.33,2700,Aluminum
496,434,73000,26000,0.33,2700,Aluminum
524,469,73000,26000,0.33,2700,Aluminum
552,490,73000,26000,0.33,2700,Aluminum
228,103,73000,26000,0.33,2700,Aluminum
572,503,73000,26000,0.33,2700,Aluminum
572,503,73000,26000,0.33,2700,Aluminum
221,97,73000,26000,0.33,2700,Aluminum
524,462,73000,26000,0.33,2700,Aluminum
524,462,73000,26000,0.33,2700,Aluminum
228,103,73000,26000,0.33,2700,Aluminum
607,538,73000,26000,0.33,2700,Aluminum
607,538,73000,26000,0.33,2700,Aluminum
572,503,73000,26000,0.33,2700,Aluminum
572,503,73000,26000,0.33,2700,Aluminum
221,97,73000,26000,0.33,2700,Aluminum
558,490,73000,26000,0.33,2700,Aluminum
558,490,73000,26000,0.33,2700,Aluminum
117,97,73000,26000,0.33,2700,Aluminum
276,152,73000,26000,0.33,1750,Magnesium
276,97,73000,26000,0.33,1750,Magnesium
276,83,73000,26000,0.33,1750,Magnesium
276,145,73000,26000,0.33,1750,Magnesium
276,145,73000,26000,0.33,1750,Magnesium
276,152,73000,26000,0.33,1750,Magnesium
159,110,73000,26000,0.33,1750,Magnesium
221,103,73000,26000,0.33,1750,Magnesium
186,90,73000,26000,0.33,1750,Magnesium
179,55,73000,26000,0.33,1750,Magnesium
262,193,73000,26000,0.33,1750,Magnesium
276,207,73000,26000,0.33,1750,Magnesium
207,138,73000,26000,0.33,1750,Magnesium
303,193,73000,26000,0.33,1750,Magnesium
241,152,73000,26000,0.33,1750,Magnesium
207,138,73000,26000,0.33,1750,Magnesium
310,193,73000,26000,0.33,1750,Magnesium
276,200,73000,26000,0.33,1750,Magnesium
234,159,73000,26000,0.33,1750,Magnesium
234,159,73000,26000,0.33,1750,Magnesium
234,159,73000,26000,0.33,1750,Magnesium
221,131,73000,26000,0.33,1750,Magnesium
221,131,73000,26000,0.33,1750,Magnesium
214,138,73000,26000,0.33,1750,Magnesium
241,145,73000,26000,0.33,1750,Magnesium
262,200,73000,26000,0.33,1750,Magnesium
262,200,73000,26000,0.33,1750,Magnesium
310,228,73000,26000,0.33,1750,Magnesium
379,276,73000,26000,0.33,1750,Magnesium
290,228,73000,26000,0.33,1750,Magnesium
255,179,73000,26000,0.33,1750,Magnesium
276,255,73000,26000,0.33,1750,Magnesium
352,283,73000,26000,0.33,1750,Magnesium
290,221,73000,26000,0.33,1750,Magnesium
290,221,73000,26000,0.33,1750,Magnesium
262,207,73000,26000,0.33,1750,Magnesium
234,172,73000,26000,0.33,1750,Magnesium
380,230,206000,80000,0.3,7860,Steel
360,225,206000,80000,0.3,7860,Steel
600,380,206000,80000,0.3,7860,Steel
270,280,206000,80000,0.3,7860,Steel
270,240,206000,80000,0.3,7860,Steel
270,210,206000,80000,0.3,7860,Steel
360,225,206000,80000,0.3,7860,Steel
360,225,206000,80000,0.3,7860,Steel
340,225,206000,80000,0.3,7860,Steel
340,225,206000,80000,0.3,7860,Steel
340,225,206000,80000,0.3,7860,Steel
340,225,206000,80000,0.3,7860,Steel
410,225,206000,80000,0.3,7860,Steel
410,265,206000,80000,0.3,7860,Steel
410,265,206000,80000,0.3,7860,Steel
410,265,206000,80000,0.3,7860,Steel
490,345,206000,80000,0.3,7860,Steel
490,345,206000,80000,0.3,7860,Steel
490,345,206000,80000,0.3,7860,Steel
490,345,206000,80000,0.3,7860,Steel
410,255,206000,80000,0.3,7860,Steel
510,345,206000,80000,0.3,7860,Steel
470,285,206000,80000,0.3,7860,Steel
570,325,206000,80000,0.3,7860,Steel
690,355,206000,80000,0.3,7860,Steel
420,300,206000,80000,0.3,7860,Steel
440,340,206000,80000,0.3,7860,Steel
470,290,206000,80000,0.3,7860,Steel
500,320,206000,80000,0.3,7860,Steel
550,350,206000,80000,0.3,7860,Steel
600,380,206000,80000,0.3,7860,Steel
630,400,206000,80000,0.3,7860,Steel
650,430,206000,80000,0.3,7860,Steel
700,460,206000,80000,0.3,7860,Steel
750,490,206000,80000,0.3,7860,Steel
800,520,206000,80000,0.3,7860,Steel
460,290,206000,80000,0.3,7860,Steel
700,490,206000,80000,0.3,7860,Steel
580,340,206000,80000,0.3,7860,Steel
800,590,206000,80000,0.3,7860,Steel
850,630,206000,80000,0.3,7860,Steel
900,660,206000,80000,0.3,7860,Steel
900,680,206000,80000,0.3,7860,Steel
980,680,206000,80000,0.3,7860,Steel
440,270,206000,80000,0.3,7860,Steel
450,295,206000,80000,0.3,7860,Steel
800,600,206000,80000,0.3,7860,Steel
900,650,206000,80000,0.3,7860,Steel
1000,770,206000,80000,0.3,7860,Steel
490,345,206000,80000,0.3,7860,Steel
490,345,206000,80000,0.3,7860,Steel
900,700,206000,80000,0.3,7860,Steel
480,300,206000,80000,0.3,7860,Steel
520,310,206000,80000,0.3,7860,Steel
835,590,206000,80000,0.3,7860,Steel
490,355,206000,80000,0.3,7860,Steel
1100,900,206000,80000,0.3,7860,Steel
1250,1050,206000,80000,0.3,7860,Steel
530,390,206000,80000,0.3,7860,Steel
680,585,206000,80000,0.3,7860,Steel
400,230,206000,80000,0.3,7860,Steel
650,450,206000,80000,0.3,7860,Steel
700,500,206000,80000,0.3,7860,Steel
850,650,206000,80000,0.3,7860,Steel
400,240,206000,80000,0.3,7860,Steel
800,600,206000,80000,0.3,7860,Steel
500,190,206000,80000,0.3,7860,Steel
500,190,206000,80000,0.3,7860,Steel
500,190,206000,80000,0.3,7860,Steel
460,180,206000,80000,0.3,7860,Steel
550,270,206000,80000,0.3,7860,Steel
500,200,206000,80000,0.3,7860,Steel
500,200,206000,80000,0.3,7860,Steel
500,200,206000,80000,0.3,7860,Steel
500,200,206000,80000,0.3,7860,Steel
500,200,206000,80000,0.3,7860,Steel
580,280,206000,80000,0.3,7860,Steel
580,280,206000,80000,0.3,7860,Steel
650,450,206000,80000,0.3,7860,Steel
680,320,206000,80000,0.3,7860,Steel
150,150,85000,34000,0.25,7160,Grey Cast Iron
200,200,85000,34000,0.25,7160,Grey Cast Iron
250,250,85000,34000,0.25,7160,Grey Cast Iron
300,300,85000,34000,0.25,7160,Grey Cast Iron
350,350,85000,34000,0.25,7160,Grey Cast Iron
500,320,169000,70000,0.2,7160,Nodular Cast Iron
600,370,169000,70000,0.2,7160,Nodular Cast Iron
700,420,169000,70000,0.2,7160,Nodular Cast Iron
800,480,169000,70000,0.2,7160,Nodular Cast Iron
400,180,160000,64000,0.27,7160,Malleable Cast Iron
500,260,160000,64000,0.27,7160,Malleable Cast Iron
460,375,206000,80000,0.3,7860,Steel
460,355,206000,80000,0.3,7860,Steel
580,365,206000,80000,0.3,7860,Steel
270,250,206000,80000,0.3,7860,Steel
270,210,206000,80000,0.3,7860,Steel
270,280,206000,80000,0.3,7860,Steel
330,195,206000,80000,0.3,7860,Steel
410,320,206000,80000,0.3,7860,Steel
350,225,206000,80000,0.3,7860,Steel
360,225,206000,80000,0.3,7860,Steel
340,225,206000,80000,0.3,7860,Steel
440,350,206000,80000,0.3,7860,Steel
340,225,206000,80000,0.3,7860,Steel
340,225,206000,80000,0.3,7860,Steel
410,255,206000,80000,0.3,7860,Steel
410,265,206000,80000,0.3,7860,Steel
420,265,206000,80000,0.3,7860,Steel
410,265,206000,80000,0.3,7860,Steel
470,285,206000,80000,0.3,7860,Steel
490,345,206000,80000,0.3,7860,Steel
500,345,206000,80000,0.3,7860,Steel
590,470,206000,80000,0.3,7860,Steel
570,325,206000,80000,0.3,7860,Steel
670,355,206000,80000,0.3,7860,Steel
440,275,206000,80000,0.3,7860,Steel
495,295,206000,80000,0.3,7860,Steel
500,300,206000,80000,0.3,7860,Steel
500,320,206000,80000,0.3,7860,Steel
550,350,206000,80000,0.3,7860,Steel
600,370,206000,80000,0.3,7860,Steel
580,360,206000,80000,0.3,7860,Steel
630,400,206000,80000,0.3,7860,Steel
535,320,206000,80000,0.3,7860,Steel
650,430,206000,80000,0.3,7860,Steel
660,410,206000,80000,0.3,7860,Steel
700,460,206000,80000,0.3,7860,Steel
690,430,206000,80000,0.3,7860,Steel
750,500,206000,80000,0.3,7860,Steel
680,400,206000,80000,0.3,7860,Steel
800,520,206000,80000,0.3,7860,Steel
800,520,206000,80000,0.3,7860,Steel
460,290,206000,80000,0.3,7860,Steel
690,490,206000,80000,0.3,7860,Steel
590,340,206000,80000,0.3,7860,Steel
800,590,206000,80000,0.3,7860,Steel
850,630,206000,80000,0.3,7860,Steel
850,630,206000,80000,0.3,7860,Steel
1700,1300,206000,80000,0.3,7860,Steel
830,630,206000,80000,0.3,7860,Steel
900,660,206000,80000,0.3,7860,Steel
880,670,206000,80000,0.3,7860,Steel
850,630,206000,80000,0.3,7860,Steel
880,665,206000,80000,0.3,7860,Steel
1450,1270,206000,80000,0.3,7860,Steel
900,680,206000,80000,0.3,7860,Steel
980,680,206000,80000,0.3,7860,Steel
1370,1180,206000,80000,0.3,7860,Steel
440,270,206000,80000,0.3,7860,Steel
450,295,206000,80000,0.3,7860,Steel
490,345,206000,80000,0.3,7860,Steel
800,600,206000,80000,0.3,7860,Steel
900,650,206000,80000,0.3,7860,Steel
1000,750,206000,80000,0.3,7860,Steel
980,760,206000,80000,0.3,7860,Steel
880,690,206000,80000,0.3,7860,Steel
800,600,206000,80000,0.3,7860,Steel
980,850,206000,80000,0.3,7860,Steel
980,850,206000,80000,0.3,7860,Steel
1370,1180,206000,80000,0.3,7860,Steel
480,300,206000,80000,0.3,7860,Steel
930,735,206000,80000,0.3,7860,Steel
1230,1030,206000,80000,0.3,7860,Steel
1000,750,206000,80000,0.3,7860,Steel
1080,785,206000,80000,0.3,7860,Steel
490,355,206000,80000,0.3,7860,Steel
1100,900,206000,80000,0.3,7860,Steel
1250,1050,206000,80000,0.3,7860,Steel
530,390,206000,80000,0.3,7860,Steel
680,585,206000,80000,0.3,7860,Steel
400,250,206000,80000,0.3,7860,Steel
450,270,206000,80000,0.3,7860,Steel
600,420,206000,80000,0.3,7860,Steel
650,450,206000,80000,0.3,7860,Steel
800,600,206000,80000,0.3,7860,Steel
900,700,206000,80000,0.3,7860,Steel
400,250,206000,80000,0.3,7860,Steel
750,550,206000,80000,0.3,7860,Steel
1000,800,206000,80000,0.3,7860,Steel
500,195,206000,80000,0.3,7860,Steel
500,195,206000,80000,0.3,7860,Steel
500,200,206000,80000,0.3,7860,Steel
460,180,206000,80000,0.3,7860,Steel
550,270,206000,80000,0.3,7860,Steel
510,205,206000,80000,0.3,7860,Steel
500,210,206000,80000,0.3,7860,Steel
490,190,206000,80000,0.3,7860,Steel
490,190,206000,80000,0.3,7860,Steel
510,205,206000,80000,0.3,7860,Steel
580,280,206000,80000,0.3,7860,Steel
580,295,206000,80000,0.3,7860,Steel
580,285,206000,80000,0.3,7860,Steel
590,295,206000,80000,0.3,7860,Steel
950,580,206000,80000,0.3,7860,Steel
150,150,85000,34000,0.25,7160,Steel
200,200,85000,34000,0.25,7160,Steel
250,250,85000,34000,0.25,7160,Steel
300,300,85000,34000,0.25,7160,Steel
350,350,85000,34000,0.25,7160,Steel
500,320,169000,70000,0.2,7160,Steel
600,370,169000,70000,0.2,7160,Steel
700,420,169000,70000,0.2,7160,Steel
800,480,169000,70000,0.2,7160,Steel
400,180,160000,64000,0.27,7160,Steel
500,260,160000,64000,0.27,7160,Steel
430,300,206000,80000,0.3,7860,Steel
635,370,206000,80000,0.3,7860,Steel
280,140,206000,80000,0.3,7860,Steel
280,140,206000,80000,0.3,7860,Steel
280,140,206000,80000,0.3,7860,Steel
420,355,206000,80000,0.3,7860,Steel
360,215,206000,80000,0.3,7860,Steel
360,225,206000,80000,0.3,7860,Steel
450,360,206000,80000,0.3,7860,Steel
340,225,206000,80000,0.3,7860,Steel
340,225,206000,80000,0.3,7860,Steel
410,225,206000,80000,0.3,7860,Steel
430,245,206000,80000,0.3,7860,Steel
460,280,206000,80000,0.3,7860,Steel
430,245,206000,80000,0.3,7860,Steel
490,355,206000,80000,0.3,7860,Steel
490,355,206000,80000,0.3,7860,Steel
490,355,206000,80000,0.3,7860,Steel
540,340,206000,80000,0.3,7860,Steel
600,480,206000,80000,0.3,7860,Steel
550,430,206000,80000,0.3,7860,Steel
550,430,206000,80000,0.3,7860,Steel
490,245,206000,80000,0.3,7860,Steel
550,310,206000,80000,0.3,7860,Steel
625,370,206000,80000,0.3,7860,Steel
625,370,206000,80000,0.3,7860,Steel
625,355,206000,80000,0.3,7860,Steel
625,340,206000,80000,0.3,7860,Steel
700,400,206000,80000,0.3,7860,Steel
625,360,206000,80000,0.3,7860,Steel
775,450,206000,80000,0.3,7860,Steel
775,450,206000,80000,0.3,7860,Steel
550,325,206000,80000,0.3,7860,Steel
1300,1100,206000,80000,0.3,7860,Steel
700,510,206000,80000,0.3,7860,Steel
775,570,206000,80000,0.3,7860,Steel
850,665,206000,80000,0.3,7860,Steel
1380,1180,206000,80000,0.3,7860,Steel
850,665,206000,80000,0.3,7860,Steel
850,665,206000,80000,0.3,7860,Steel
850,665,206000,80000,0.3,7860,Steel
925,740,206000,80000,0.3,7860,Steel
1370,1180,206000,80000,0.3,7860,Steel
775,570,206000,80000,0.3,7860,Steel
850,665,206000,80000,0.3,7860,Steel
850,685,206000,80000,0.3,7860,Steel
1075,925,206000,80000,0.3,7860,Steel
420,245,206000,80000,0.3,7860,Steel
550,340,206000,80000,0.3,7860,Steel
700,490,206000,80000,0.3,7860,Steel
430,245,206000,80000,0.3,7860,Steel
900,685,206000,80000,0.3,7860,Steel
850,635,206000,80000,0.3,7860,Steel
480,195,206000,80000,0.3,7860,Steel
510,190,206000,80000,0.3,7860,Steel
490,195,206000,80000,0.3,7860,Steel
480,180,206000,80000,0.3,7860,Steel
510,205,206000,80000,0.3,7860,Steel
490,190,206000,80000,0.3,7860,Steel
510,205,206000,80000,0.3,7860,Steel
950,580,206000,80000,0.3,7860,Steel
150,150,85000,34000,0.25,7160,Grey Cast Iron
200,200,85000,34000,0.25,7160,Grey Cast Iron
250,250,85000,34000,0.25,7160,Grey Cast Iron
300,300,85000,34000,0.25,7160,Grey Cast Iron
350,350,85000,34000,0.25,7160,Grey Cast Iron
500,320,169000,70000,0.2,7160,Nodular Cast Iron
600,370,169000,70000,0.2,7160,Nodular Cast Iron
700,420,169000,70000,0.2,7160,Nodular Cast Iron
800,480,169000,70000,0.2,7160,Nodular Cast Iron
400,180,160000,64000,0.27,7160,Malleable Cast Iron
500,260,160000,64000,0.27,7160,Malleable Cast Iron
350,200,206000,80000,0.3,7860,Steel
400,226,206000,80000,0.3,7860,Steel
471,373,206000,80000,0.3,7860,Steel
400,255,206000,80000,0.3,7860,Steel
660,520,206000,80000,0.3,7860,Steel
280,200,206000,80000,0.3,7860,Steel
290,215,206000,80000,0.3,7860,Steel
280,200,206000,80000,0.3,7860,Steel
330,195,206000,80000,0.3,7860,Steel
340,225,206000,80000,0.3,7860,Steel
350,225,206000,80000,0.3,7860,Steel
340,225,206000,80000,0.3,7860,Steel
360,235,206000,80000,0.3,7860,Steel
410,255,206000,80000,0.3,7860,Steel
420,240,206000,80000,0.3,7860,Steel
430,285,206000,80000,0.3,7860,Steel
440,265,206000,80000,0.3,7860,Steel
490,265,206000,80000,0.3,7860,Steel
490,340,206000,80000,0.3,7860,Steel
510,345,206000,80000,0.3,7860,Steel
590,315,206000,80000,0.3,7860,Steel
590,315,206000,80000,0.3,7860,Steel
686,355,206000,80000,0.3,7860,Steel
686,355,206000,80000,0.3,7860,Steel
490,325,206000,80000,0.3,7860,Steel
550,350,206000,80000,0.3,7860,Steel
490,295,206000,80000,0.3,7860,Steel
480,300,206000,80000,0.3,7860,Steel
500,320,206000,80000,0.3,7860,Steel
550,350,206000,80000,0.3,7860,Steel
600,370,206000,80000,0.3,7860,Steel
630,400,206000,80000,0.3,7860,Steel
530,305,206000,80000,0.3,7860,Steel
640,390,206000,80000,0.3,7860,Steel
690,440,206000,80000,0.3,7860,Steel
750,480,206000,80000,0.3,7860,Steel
800,500,206000,80000,0.3,7860,Steel
1770,1470,206000,80000,0.3,7860,Steel
460,285,206000,80000,0.3,7860,Steel
690,490,206000,80000,0.3,7860,Steel
1570,1320,206000,80000,0.3,7860,Steel
670,430,206000,80000,0.3,7860,Steel
680,440,206000,80000,0.3,7860,Steel
780,540,206000,80000,0.3,7860,Steel
880,685,206000,80000,0.3,7860,Steel
1270,1080,206000,80000,0.3,7860,Steel
1420,1210,206000,80000,0.3,7860,Steel
588,343,206000,80000,0.3,7860,Steel
883,637,206000,80000,0.3,7860,Steel
932,785,206000,80000,0.3,7860,Steel
1716,1373,206000,80000,0.3,7860,Steel
883,687,206000,80000,0.3,7860,Steel
932,785,206000,80000,0.3,7860,Steel
657,490,206000,80000,0.3,7860,Steel
900,680,206000,80000,0.3,7860,Steel
785,588,206000,80000,0.3,7860,Steel
981,686,206000,80000,0.3,7860,Steel
883,687,206000,80000,0.3,7860,Steel
981,794,206000,80000,0.3,7860,Steel
1370,1175,206000,80000,0.3,7860,Steel
1470,1275,206000,80000,0.3,7860,Steel
440,265,206000,80000,0.3,7860,Steel
430,295,206000,80000,0.3,7860,Steel
470,345,206000,80000,0.3,7860,Steel
690,490,206000,80000,0.3,7860,Steel
930,735,206000,80000,0.3,7860,Steel
880,665,206000,80000,0.3,7860,Steel
1000,750,206000,80000,0.3,7860,Steel
470,345,206000,80000,0.3,7860,Steel
690,490,206000,80000,0.3,7860,Steel
1000,850,206000,80000,0.3,7860,Steel
780,635,206000,80000,0.3,7860,Steel
1177,981,206000,80000,0.3,7860,Steel
1716,1373,206000,80000,0.3,7860,Steel
1177,981,206000,80000,0.3,7860,Steel
900,700,206000,80000,0.3,7860,Steel
480,265,206000,80000,0.3,7860,Steel
834,637,206000,80000,0.3,7860,Steel
981,785,206000,80000,0.3,7860,Steel
690,490,206000,80000,0.3,7860,Steel
883,637,206000,80000,0.3,7860,Steel
835,590,206000,80000,0.3,7860,Steel
880,635,206000,80000,0.3,7860,Steel
1080,785,206000,80000,0.3,7860,Steel
440,285,206000,80000,0.3,7860,Steel
1100,900,206000,80000,0.3,7860,Steel
932,785,206000,80000,0.3,7860,Steel
1080,880,206000,80000,0.3,7860,Steel
590,390,206000,80000,0.3,7860,Steel
1569,1275,206000,80000,0.3,7860,Steel
441,245,206000,80000,0.3,7860,Steel
590,415,206000,80000,0.3,7860,Steel
690,455,206000,80000,0.3,7860,Steel
740,495,206000,80000,0.3,7860,Steel
440,265,206000,80000,0.3,7860,Steel
440,295,206000,80000,0.3,7860,Steel
441,245,206000,80000,0.3,7860,Steel
930,685,206000,80000,0.3,7860,Steel
460,270,206000,80000,0.3,7860,Steel
800,560,206000,80000,0.3,7860,Steel
900,650,206000,80000,0.3,7860,Steel
490,186,206000,80000,0.3,7860,Steel
530,195,206000,80000,0.3,7860,Steel
500,190,206000,80000,0.3,7860,Steel
550,210,206000,80000,0.3,7860,Steel
500,195,206000,80000,0.3,7860,Steel
500,205,206000,80000,0.3,7860,Steel
440,175,206000,80000,0.3,7860,Steel
650,350,206000,80000,0.3,7860,Steel
700,350,206000,80000,0.3,7860,Steel
600,250,206000,80000,0.3,7860,Steel
500,230,206000,80000,0.3,7860,Steel
540,265,206000,80000,0.3,7860,Steel
550,230,206000,80000,0.3,7860,Steel
550,205,206000,80000,0.3,7860,Steel
550,215,206000,80000,0.3,7860,Steel
540,275,206000,80000,0.3,7860,Steel
635,295,206000,80000,0.3,7860,Steel
980,590,206000,80000,0.3,7860,Steel
640,490,206000,80000,0.3,7860,Steel
360,240,169000,70000,0.2,7160,Steel
420,270,169000,70000,0.2,7160,Steel
500,320,169000,70000,0.2,7160,Steel
600,370,169000,70000,0.2,7160,Steel
700,420,169000,70000,0.2,7160,Steel
800,480,169000,70000,0.2,7160,Steel
100,100,80000,32000,0.25,7160,Steel
150,150,85000,34000,0.25,7160,Steel
200,200,91000,36400,0.25,7160,Steel
250,250,105000,42000,0.25,7160,Steel
300,300,110000,44000,0.25,7160,Steel
350,350,115000,46000,0.25,7160,Steel
400,180,160000,64000,0.27,7160,Steel
580,300,160000,64000,0.27,7160,Steel
363,200,206000,80000,0.3,7160,Steel
441,240,206000,80000,0.3,7160,Steel
490,260,206000,80000,0.3,7160,Steel
588,300,206000,80000,0.3,7160,Steel
686,350,206000,80000,0.3,7160,Steel
530,300,206000,80000,0.3,7160,Steel
422,250,206000,80000,0.3,7160,Steel
490,290,206000,80000,0.3,7160,Steel
637,420,206000,80000,0.3,7160,Steel
785,520,206000,80000,0.3,7160,Steel
830,550,206000,80000,0.3,7160,Steel
981,650,206000,80000,0.3,7160,Steel
550,390,206000,80000,0.3,7160,Steel
500,320,206000,80000,0.3,7160,Steel
380,265,120000,45000,0.31,8800,Steel
380,265,120000,45000,0.31,8800,Steel
380,265,120000,45000,0.31,8800,Steel
380,265,120000,45000,0.31,8800,Steel
180,160,105000,40000,0.31,8800,Steel
180,160,105000,40000,0.31,8800,Steel
180,160,105000,40000,0.31,8800,Steel
150,120,105000,40000,0.31,8800,Steel
170,100,105000,40000,0.31,8800,Steel
400,130,120000,45000,0.32,8800,Steel
400,130,120000,45000,0.32,8800,Steel
330,100,100000,37000,0.34,8500,Steel
330,100,100000,37000,0.34,8500,Steel
330,100,100000,37000,0.34,8500,Steel
330,100,100000,37000,0.34,8500,Steel
350,255,100000,37000,0.34,8500,Steel
600,350,100000,37000,0.34,8500,Steel
400,230,73000,26000,0.33,2700,Steel
430,230,73000,26000,0.33,2700,Steel
430,230,73000,26000,0.33,2700,Steel
340,190,73000,26000,0.33,2700,Steel
280,100,73000,26000,0.33,2700,Steel
200,110,73000,26000,0.33,2700,Steel
200,110,73000,26000,0.33,2700,Steel
360,235,201000,78000,0.29,7856,Steel
370,245,201000,78000,0.29,7856,Steel
380,255,201000,78000,0.29,7856,Steel
400,255,201000,78000,0.29,7856,Steel
410,265,201000,78000,0.29,7856,Steel
410,265,201000,78000,0.29,7856,Steel
490,285,201000,78000,0.29,7856,Steel
490,295,201000,78000,0.29,7856,Steel
590,315,201000,78000,0.29,7856,Steel
600,320,201000,78000,0.29,7856,Steel
360,225,206000,80000,0.3,7860,Steel
370,235,206000,80000,0.3,7860,Steel
370,245,206000,80000,0.3,7860,Steel
390,265,206000,80000,0.3,7860,Steel
450,325,206000,80000,0.3,7860,Steel
480,335,206000,80000,0.3,7860,Steel
320,196,203000,78000,0.3,7871,Steel
330,205,206000,79000,0.3,7856,Steel
400,250,206000,79000,0.3,7856,Steel
410,250,206000,79000,0.3,7856,Steel
290,190,206000,79000,0.3,7856,Steel
370,225,201000,78000,0.29,7850,Steel
450,250,201000,78000,0.29,7850,Steel
440,340,201000,78000,0.29,7850,Steel
340,220,201000,78000,0.29,7850,Steel
410,245,212000,82000,0.29,7859,Steel
500,300,212000,82000,0.29,7859,Steel
490,300,212000,82000,0.29,7859,Steel
390,240,212000,82000,0.29,7859,Steel
450,275,198000,77000,0.29,7820,Steel
550,350,198000,77000,0.29,7820,Steel
540,350,198000,77000,0.29,7820,Steel
410,270,198000,77000,0.29,7820,Steel
490,295,200000,77000,0.3,7850,Steel
600,350,200000,77000,0.3,7850,Steel
560,340,200000,77000,0.3,7850,Steel
440,290,200000,77000,0.3,7850,Steel
575,295,200000,77000,0.3,7850,Steel
530,315,206000,79000,0.3,7826,Steel
650,380,206000,79000,0.3,7826,Steel
1000,650,206000,79000,0.3,7826,Steel
590,350,206000,79000,0.3,7826,Steel
470,310,206000,79000,0.3,7826,Steel
625,315,206000,79000,0.3,7826,Steel
570,335,212000,82000,0.29,7850,Steel
700,400,212000,82000,0.29,7850,Steel
1000,650,212000,82000,0.29,7850,Steel
610,380,212000,82000,0.29,7850,Steel
510,330,212000,82000,0.29,7850,Steel
675,355,212000,82000,0.29,7850,Steel
600,355,200000,77000,0.3,7810,Steel
750,450,200000,77000,0.3,7810,Steel
900,650,200000,77000,0.3,7810,Steel
1000,700,200000,77000,0.3,7810,Steel
1200,950,200000,77000,0.3,7810,Steel
750,450,200000,77000,0.3,7810,Steel
640,440,200000,77000,0.3,7810,Steel
540,350,200000,77000,0.3,7810,Steel
705,375,200000,77000,0.3,7810,Steel
600,355,216000,83000,0.3,7810,Steel
900,700,216000,83000,0.3,7810,Steel
660,450,216000,83000,0.3,7810,Steel
560,370,216000,83000,0.3,7810,Steel
725,400,216000,83000,0.3,7810,Steel
630,375,210000,81000,0.3,7820,Steel
775,420,210000,81000,0.3,7820,Steel
680,400,204000,79000,0.29,7810,Steel
825,450,204000,79000,0.29,7810,Steel
460,280,204000,79000,0.29,7820,Steel
570,420,204000,79000,0.29,7820,Steel
550,320,200000,77000,0.3,7810,Steel
680,560,200000,77000,0.3,7810,Steel
600,360,204000,79000,0.29,7810,Steel
840,590,204000,79000,0.29,7810,Steel
660,400,216000,84000,0.29,7810,Steel
820,560,216000,84000,0.29,7810,Steel
750,440,215000,83000,0.3,7850,Steel
900,700,215000,83000,0.3,7850,Steel
1500,1250,215000,83000,0.3,7850,Steel
490,390,216000,83000,0.3,7860,Steel
510,390,216000,83000,0.3,7860,Steel
460,390,216000,83000,0.3,7860,Steel
530,390,216000,83000,0.3,7860,Steel
540,390,216000,83000,0.3,7860,Steel
570,390,216000,83000,0.3,7860,Steel
690,490,206000,80000,0.29,7860,Steel
780,635,216000,83000,0.3,7830,Steel
600,300,216000,83000,0.3,7830,Steel
700,500,216000,83000,0.3,7830,Steel
850,630,216000,83000,0.3,7830,Steel
880,685,208000,80000,0.3,7820,Steel
910,735,214000,83000,0.29,7850,Steel
980,785,214000,83000,0.29,7850,Steel
630,330,214000,83000,0.29,7850,Steel
800,650,214000,83000,0.29,7850,Steel
1100,900,214000,83000,0.29,7850,Steel
1300,1100,214000,83000,0.29,7850,Steel
1030,835,206000,79000,0.3,7820,Steel
650,350,206000,79000,0.3,7820,Steel
950,750,206000,79000,0.3,7820,Steel
1400,1200,206000,79000,0.3,7820,Steel
1080,885,207000,80000,0.29,7860,Steel
650,350,207000,80000,0.29,7860,Steel
1500,1300,207000,80000,0.29,7860,Steel
430,250,204000,79000,0.29,7790,Steel
630,370,204000,79000,0.29,7790,Steel
800,650,204000,79000,0.29,7790,Steel
670,390,212000,82000,0.29,7800,Steel
1120,950,212000,82000,0.29,7800,Steel
700,410,204000,79000,0.29,7810,Steel
850,700,204000,79000,0.29,7810,Steel
600,300,214000,83000,0.29,7640,Steel
900,700,214000,83000,0.29,7640,Steel
950,750,211000,82000,0.29,7640,Steel
930,735,208000,80000,0.3,7820,Steel
950,750,208000,80000,0.3,7820,Steel
930,835,213000,82000,0.3,7820,Steel
1000,850,213000,82000,0.3,7820,Steel
1600,1400,213000,82000,0.3,7820,Steel
800,735,213000,82000,0.3,7820,Steel
700,430,211000,82000,0.29,7800,Steel
1000,800,211000,82000,0.29,7800,Steel
1250,1050,212000,82000,0.29,7800,Steel
1100,800,212000,82000,0.29,7800,Steel
780,635,213000,82000,0.3,7760,Steel
800,650,213000,82000,0.3,7760,Steel
1300,1200,213000,82000,0.3,7800,Steel
1450,1400,213000,82000,0.3,7800,Steel
900,750,215000,83000,0.3,7810,Steel
1600,1300,215000,83000,0.3,7810,Steel
1080,835,213000,82000,0.3,7850,Steel
780,590,200000,77000,0.3,7850,Steel
980,785,200000,77000,0.3,7850,Steel
780,460,200000,77000,0.3,7850,Steel
1200,1000,200000,77000,0.3,7850,Steel
1030,835,200000,77000,0.3,7820,Steel
1080,885,200000,77000,0.3,7860,Steel
980,785,215000,83000,0.3,7850,Steel
800,600,211000,82000,0.29,7880,Steel
800,600,211000,82000,0.29,7880,Steel
950,700,200000,77000,0.3,7850,Steel
1000,850,200000,77000,0.3,7850,Steel
680,450,203000,78000,0.3,7850,Steel
1100,850,203000,78000,0.3,7850,Steel
1300,1100,203000,78000,0.3,7850,Steel
600,360,213000,82000,0.3,7850,Steel
1100,850,215000,83000,0.3,7850,Steel
1500,1300,215000,83000,0.3,7850,Steel
800,700,215000,83000,0.3,7850,Steel
930,785,206000,80000,0.29,7860,Steel
980,835,206000,80000,0.3,7860,Steel
410,235,212000,82000,0.29,7850,Steel
470,255,198000,77000,0.29,7800,Steel
780,665,200000,77000,0.3,7800,Steel
780,665,200000,77000,0.3,7800,Steel
880,735,213000,82000,0.3,7840,Steel
780,665,213000,82000,0.3,7840,Steel
640,440,200000,77000,0.3,7850,Steel
880,735,207000,80000,0.29,7800,Steel
390,165,215000,83000,0.3,7630,Steel
390,215,211000,82000,0.29,7750,Steel
390,215,200000,77000,0.3,7850,Steel
390,165,200000,77000,0.3,7850,Steel
930,735,200000,77000,0.3,7850,Steel
1130,885,200000,77000,0.3,7850,Steel
880,590,200000,77000,0.3,8120,Steel
980,685,200000,77000,0.3,8120,Steel
510,196,215000,83000,0.3,7630,Steel
540,196,195000,75000,0.3,7900,Steel
540,196,200000,77000,0.3,7850,Steel
690,325,216000,84000,0.29,7670,Steel
475,230,206000,80000,0.29,7860,Steel
450,210,206000,80000,0.29,7860,Steel
625,350,206000,80000,0.29,7860,Steel
575,300,206000,80000,0.29,7860,Steel
495,260,206000,80000,0.29,7860,Steel
495,240,206000,80000,0.29,7860,Steel
475,220,206000,80000,0.29,7860,Steel
625,370,206000,80000,0.29,7860,Steel
575,320,206000,80000,0.29,7860,Steel
540,280,206000,80000,0.29,7860,Steel
540,250,206000,80000,0.29,7860,Steel
520,230,206000,80000,0.29,7860,Steel
675,400,206000,80000,0.29,7860,Steel
625,350,206000,80000,0.29,7860,Steel
575,300,206000,80000,0.29,7860,Steel
575,300,206000,80000,0.29,7860,Steel
575,270,206000,80000,0.29,7860,Steel
555,245,206000,80000,0.29,7860,Steel
705,430,206000,80000,0.29,7860,Steel
675,370,206000,80000,0.29,7860,Steel
625,320,206000,80000,0.29,7860,Steel
625,320,206000,80000,0.29,7860,Steel
625,290,206000,80000,0.29,7860,Steel
605,260,206000,80000,0.29,7860,Steel
725,460,206000,80000,0.29,7860,Steel
705,400,206000,80000,0.29,7860,Steel
675,350,206000,80000,0.29,7860,Steel
675,340,206000,80000,0.29,7860,Steel
675,305,206000,80000,0.29,7860,Steel
655,275,206000,80000,0.29,7860,Steel
775,500,206000,80000,0.29,7860,Steel
725,430,206000,80000,0.29,7860,Steel
705,370,206000,80000,0.29,7860,Steel
710,355,206000,80000,0.29,7860,Steel
710,320,206000,80000,0.29,7860,Steel
690,290,206000,80000,0.29,7860,Steel
825,520,206000,80000,0.29,7860,Steel
775,460,206000,80000,0.29,7860,Steel
725,400,206000,80000,0.29,7860,Steel
750,370,206000,80000,0.29,7860,Steel
750,330,206000,80000,0.29,7860,Steel
730,300,206000,80000,0.29,7860,Steel
875,550,206000,80000,0.29,7860,Steel
825,500,206000,80000,0.29,7860,Steel
775,430,206000,80000,0.29,7860,Steel
785,380,206000,80000,0.29,7860,Steel
785,340,206000,80000,0.29,7860,Steel
755,310,206000,80000,0.29,7860,Steel
925,580,206000,80000,0.29,7860,Steel
875,520,206000,80000,0.29,7860,Steel
825,450,206000,80000,0.29,7860,Steel
925,650,206000,80000,0.29,7860,Steel
825,550,206000,80000,0.29,7860,Steel
725,410,206000,80000,0.29,7860,Steel
1050,750,206000,80000,0.29,7860,Steel
925,630,206000,80000,0.29,7860,Steel
825,510,206000,80000,0.29,7860,Steel
1100,800,206000,80000,0.29,7860,Steel
1000,660,206000,80000,0.29,7860,Steel
875,560,206000,80000,0.29,7860,Steel
392,196,200000,77000,0.3,7820,Steel
412,216,200000,77000,0.3,7820,Steel
441,235,205000,79000,0.3,7830,Steel
471,255,210000,81000,0.3,7810,Steel
491,275,212000,82000,0.29,7830,Steel
520,294,215000,83000,0.3,7810,Steel
540,314,215000,83000,0.3,7800,Steel
569,334,219000,85000,0.29,7820,Steel
540,275,200000,77000,0.3,7820,Steel
540,294,200000,77000,0.3,7820,Steel
589,343,200000,77000,0.3,7820,Steel
540,294,200000,77000,0.3,7820,Steel
589,343,200000,77000,0.3,7820,Steel
638,392,200000,77000,0.3,7820,Steel
510,314,200000,77000,0.3,7820,Steel
491,294,200000,77000,0.3,7820,Steel
589,392,200000,77000,0.3,7820,Steel
589,392,200000,77000,0.3,7820,Steel
441,245,215000,83000,0.3,7800,Steel
491,275,200000,77000,0.3,7820,Steel
589,491,200000,77000,0.3,7820,Steel
589,392,215000,83000,0.3,7840,Steel
687,540,200000,77000,0.3,7820,Steel
589,343,215000,83000,0.3,7800,Steel
785,589,215000,83000,0.3,7800,Steel
491,392,200000,77000,0.3,7820,Steel
441,343,212000,82000,0.29,7820,Steel
491,392,200000,77000,0.3,7820,Steel
638,540,200000,77000,0.3,7820,Steel
491,294,205000,79000,0.3,7830,Steel
491,294,205000,79000,0.3,7810,Steel
540,343,205000,79000,0.3,7830,Steel
540,343,205000,79000,0.3,7810,Steel
589,392,205000,79000,0.3,7800,Steel
736,392,205000,79000,0.3,7820,Steel
530,334,205000,79000,0.3,7820,Steel
589,343,200000,77000,0.3,7820,Steel
638,392,200000,77000,0.3,7820,Steel
785,589,200000,77000,0.3,7820,Steel
687,491,200000,77000,0.3,7820,Steel
638,441,200000,77000,0.3,7820,Steel
638,491,205000,79000,0.3,7850,Steel
687,589,200000,77000,0.3,7820,Steel
687,540,205000,79000,0.3,7840,Steel
785,638,205000,79000,0.3,7820,Steel
785,589,205000,79000,0.3,7800,Steel
736,589,200000,77000,0.3,7820,Steel
638,540,200000,77000,0.3,7820,Steel
785,638,200000,77000,0.3,7820,Steel
981,735,200000,77000,0.3,7820,Steel
1275,1079,200000,77000,0.3,7820,Steel
1324,1079,200000,77000,0.3,7820,Steel
638,491,200000,77000,0.3,7820,Steel
1275,1079,200000,77000,0.3,7820,Steel
1472,1177,200000,77000,0.3,7820,Steel
1766,1472,200000,77000,0.3,7820,Steel
1324,1275,200000,77000,0.3,7820,Steel
1472,1422,200000,77000,0.3,7820,Steel
638,491,219000,85000,0.29,7840,Steel
1270,1080,206000,80000,0.3,7860,Steel
1270,1175,206000,80000,0.3,7860,Steel
1270,1175,206000,80000,0.3,7860,Steel
1420,1325,206000,80000,0.3,7860,Steel
100,50,90000,36000,0.25,6800,Grey Cast Iron
150,75,90000,36000,0.25,7000,Grey Cast Iron
180,90,95000,38000,0.25,7050,Grey Cast Iron
200,100,100000,40000,0.25,7100,Grey Cast Iron
210,105,100000,40000,0.25,7150,Grey Cast Iron
240,120,105000,42000,0.25,7200,Grey Cast Iron
250,125,110000,44000,0.25,7200,Grey Cast Iron
300,150,120000,48000,0.25,7300,Grey Cast Iron
350,175,125000,50000,0.25,7400,Grey Cast Iron
350,220,170000,70000,0.21,7160,Nodular Cast Iron
400,250,170000,70000,0.21,7160,Nodular Cast Iron
450,310,170000,70000,0.21,7160,Nodular Cast Iron
500,320,170000,70000,0.21,7160,Nodular Cast Iron
600,370,180000,75000,0.2,7160,Nodular Cast Iron
700,420,180000,75000,0.2,7160,Nodular Cast Iron
800,480,180000,75000,0.2,7160,Nodular Cast Iron
1000,700,185000,77000,0.2,7160,Nodular Cast Iron
294,170,160000,64000,0.25,7160,Malleable Cast Iron
323,190,160000,64000,0.25,7160,Malleable Cast Iron
333,190,160000,64000,0.25,7160,Malleable Cast Iron
362,210,160000,64000,0.25,7160,Malleable Cast Iron
441,260,160000,64000,0.25,7160,Malleable Cast Iron
490,290,160000,64000,0.25,7160,Malleable Cast Iron
539,325,160000,64000,0.25,7160,Malleable Cast Iron
588,350,160000,64000,0.25,7160,Malleable Cast Iron
637,380,160000,64000,0.25,7160,Malleable Cast Iron
686,410,160000,64000,0.25,7160,Malleable Cast Iron
784,470,160000,64000,0.25,7160,Malleable Cast Iron
400,180,160000,64000,0.25,7160,Malleable Cast Iron
360,240,206000,80000,0.3,7860,Steel
630,370,206000,80000,0.3,7860,Steel
270,180,206000,80000,0.3,7860,Steel
270,240,206000,80000,0.3,7860,Steel
270,225,206000,80000,0.3,7860,Steel
330,155,206000,80000,0.3,7860,Steel
360,235,206000,80000,0.3,7860,Steel
410,255,206000,80000,0.3,7860,Steel
340,215,206000,80000,0.3,7860,Steel
340,215,206000,80000,0.3,7860,Steel
400,275,206000,80000,0.3,7860,Steel
400,255,206000,80000,0.3,7860,Steel
490,295,206000,80000,0.3,7860,Steel
490,355,206000,80000,0.3,7860,Steel
490,355,206000,80000,0.3,7860,Steel
590,335,206000,80000,0.3,7860,Steel
690,365,206000,80000,0.3,7860,Steel
490,350,206000,80000,0.3,7860,Steel
690,500,206000,80000,0.3,7860,Steel
440,270,206000,80000,0.3,7860,Steel
490,305,206000,80000,0.3,7860,Steel
570,365,206000,80000,0.3,7860,Steel
630,400,206000,80000,0.3,7860,Steel
670,430,206000,80000,0.3,7860,Steel
670,430,206000,80000,0.3,7860,Steel
710,460,206000,80000,0.3,7860,Steel
670,430,206000,80000,0.3,7860,Steel
750,490,206000,80000,0.3,7860,Steel
710,410,206000,80000,0.3,7860,Steel
750,490,206000,80000,0.3,7860,Steel
470,290,206000,80000,0.3,7860,Steel
670,500,206000,80000,0.3,7860,Steel
1500,1350,206000,80000,0.3,7860,Steel
780,590,206000,80000,0.3,7860,Steel
830,620,206000,80000,0.3,7860,Steel
880,600,206000,80000,0.3,7860,Steel
880,715,206000,80000,0.3,7860,Steel
880,685,206000,80000,0.3,7860,Steel
980,700,206000,80000,0.3,7860,Steel
1200,850,206000,80000,0.3,7860,Steel
1370,1180,206000,80000,0.3,7860,Steel
440,270,206000,80000,0.3,7860,Steel
450,295,206000,80000,0.3,7860,Steel
780,600,206000,80000,0.3,7860,Steel
880,700,206000,80000,0.3,7860,Steel
980,770,206000,80000,0.3,7860,Steel
980,815,206000,80000,0.3,7860,Steel
1320,1125,206000,80000,0.3,7860,Steel
900,720,206000,80000,0.3,7860,Steel
1030,810,206000,80000,0.3,7860,Steel
980,770,206000,80000,0.3,7860,Steel
1100,800,206000,80000,0.3,7860,Steel
1200,850,206000,80000,0.3,7860,Steel
1030,850,206000,80000,0.3,7860,Steel
420,225,206000,80000,0.3,7860,Steel
630,440,206000,80000,0.3,7860,Steel
730,540,206000,80000,0.3,7860,Steel
830,635,206000,80000,0.3,7860,Steel
440,245,206000,80000,0.3,7860,Steel
440,240,206000,80000,0.3,7860,Steel
900,700,206000,80000,0.3,7860,Steel
420,225,206000,80000,0.3,7860,Steel
590,410,206000,80000,0.3,7860,Steel
1000,800,206000,80000,0.3,7860,Steel
510,195,206000,80000,0.3,7860,Steel
510,205,206000,80000,0.3,7860,Steel
510,205,206000,80000,0.3,7860,Steel
450,185,206000,80000,0.3,7860,Steel
540,240,206000,80000,0.3,7860,Steel
590,240,206000,80000,0.3,7860,Steel
540,240,206000,80000,0.3,7860,Steel
540,240,206000,80000,0.3,7860,Steel
540,240,206000,80000,0.3,7860,Steel
540,240,206000,80000,0.3,7860,Steel
530,205,206000,80000,0.3,7860,Steel
490,216,206000,80000,0.3,7860,Steel
470,186,206000,80000,0.3,7860,Steel
480,195,206000,80000,0.3,7860,Steel
530,205,206000,80000,0.3,7860,Steel
950,600,206000,80000,0.3,7860,Steel
150,150,85000,34000,0.25,7160,Grey Cast Iron
200,200,85000,34000,0.25,7160,Grey Cast Iron
250,250,85000,34000,0.25,7160,Grey Cast Iron
300,300,85000,34000,0.25,7160,Grey Cast Iron
350,350,85000,34000,0.25,7160,Grey Cast Iron
500,320,169000,70000,0.2,7160,Nodular Cast Iron
600,370,169000,70000,0.2,7160,Nodular Cast Iron
700,420,169000,70000,0.2,7160,Nodular Cast Iron
800,480,169000,70000,0.2,7160,Nodular Cast Iron
400,180,160000,64000,0.27,7160,Malleable Cast Iron
500,260,160000,64000,0.27,7160,Malleable Cast Iron
460,375,206000,80000,0.3,7860,Steel
360,195,206000,80000,0.3,7860,Steel
440,305,206000,80000,0.3,7860,Steel
340,175,206000,80000,0.3,7860,Steel
470,355,206000,80000,0.3,7860,Steel
400,235,206000,80000,0.3,7860,Steel
490,275,206000,80000,0.3,7860,Steel
520,335,206000,80000,0.3,7860,Steel
520,335,206000,80000,0.3,7860,Steel
510,325,206000,80000,0.3,7860,Steel
620,460,206000,80000,0.3,7860,Steel
570,450,206000,80000,0.3,7860,Steel
420,300,206000,80000,0.3,7860,Steel
440,340,206000,80000,0.3,7860,Steel
420,250,206000,80000,0.3,7860,Steel
480,300,206000,80000,0.3,7860,Steel
540,340,206000,80000,0.3,7860,Steel
600,370,206000,80000,0.3,7860,Steel
630,400,206000,80000,0.3,7860,Steel
650,430,206000,80000,0.3,7860,Steel
700,460,206000,80000,0.3,7860,Steel
750,500,206000,80000,0.3,7860,Steel
780,510,206000,80000,0.3,7860,Steel
700,490,206000,80000,0.3,7860,Steel
770,570,206000,80000,0.3,7860,Steel
800,600,206000,80000,0.3,7860,Steel
880,640,206000,80000,0.3,7860,Steel
980,680,206000,80000,0.3,7860,Steel
1226,1079,206000,80000,0.3,7860,Steel
830,630,206000,80000,0.3,7860,Steel
880,660,206000,80000,0.3,7860,Steel
930,735,206000,80000,0.3,7860,Steel
860,680,206000,80000,0.3,7860,Steel
1226,1079,206000,80000,0.3,7860,Steel
930,680,206000,80000,0.3,7860,Steel
1100,800,206000,80000,0.3,7860,Steel
1100,900,206000,80000,0.3,7860,Steel
1200,1000,206000,80000,0.3,7860,Steel
588,392,206000,80000,0.3,7860,Steel
412,177,206000,80000,0.3,7860,Steel
539,343,206000,80000,0.3,7860,Steel
637,441,206000,80000,0.3,7860,Steel
735,539,206000,80000,0.3,7860,Steel
430,205,206000,80000,0.3,7860,Steel
785,588,206000,80000,0.3,7860,Steel
520,205,206000,80000,0.3,7860,Steel
520,205,206000,80000,0.3,7860,Steel
520,205,206000,80000,0.3,7860,Steel
480,175,206000,80000,0.3,7860,Steel
520,205,206000,80000,0.3,7860,Steel
480,175,206000,80000,0.3,7860,Steel
520,205,206000,80000,0.3,7860,Steel
930,685,206000,80000,0.3,7860,Steel
560,205,206000,80000,0.3,7860,Steel
590,205,206000,80000,0.3,7860,Steel
880,560,206000,80000,0.3,7860,Steel
150,150,85000,34000,0.25,7160,Grey Cast Iron
200,200,85000,34000,0.25,7160,Grey Cast Iron
250,250,85000,34000,0.25,7160,Grey Cast Iron
300,300,85000,34000,0.25,7160,Grey Cast Iron
350,350,85000,34000,0.25,7160,Grey Cast Iron
500,320,169000,70000,0.2,7160,Nodular Cast Iron
600,370,169000,70000,0.2,7160,Nodular Cast Iron
700,420,169000,70000,0.2,7160,Nodular Cast Iron
800,480,169000,70000,0.2,7160,Nodular Cast Iron
400,180,160000,64000,0.27,7160,Malleable Cast Iron
500,260,160000,64000,0.27,7160,Malleable Cast Iron
